<?xml version="1.0" encoding="UTF-8" standalone="no"?>
<settlements>
  <perk beneficial="false" description="Increases maintenance costs" id="^STARTING_NEG1" name="Worm infestation" procedural="false" starter="true"/>
  <perk beneficial="false" description="Reduces citizen happiness" id="^STARTING_NEG2" name="Built on cursed ground" procedural="false" starter="true"/>
  <perk beneficial="false" description="Increases maintenance costs" id="^STARTING_NEG3" name="Highly radioactive" procedural="false" starter="true"/>
  <perk beneficial="false" description="Reduces citizen happiness" id="^STARTING_NEG4" name="Pungent food cannery" procedural="false" starter="true"/>
  <perk beneficial="false" description="Reduces citizen happiness" id="^STARTING_NEG5" name="Sinister AI overlord" procedural="false" starter="true"/>
  <perk beneficial="false" description="Decreases productivity" id="^STARTING_NEG6" name="Poisoned water" procedural="false" starter="true"/>
  <perk beneficial="false" description="Decreases productivity" id="^STARTING_NEG7" name="Trade network failing" procedural="false" starter="true"/>
  <perk beneficial="false" description="Increases Sentinel attention" id="^STARTING_NEG8" name="Legacy nanobots" procedural="false" starter="true"/>
  <perk beneficial="false" description="Increases maintenance costs" id="^STARTING_NEG9" name="Prototype building materials" procedural="false" starter="true"/>
  <perk beneficial="false" description="Reduces citizen happiness" id="^STARTING_NEG10" name="Repressive atmosphere" procedural="false" starter="true"/>
  <perk beneficial="false" description="Reduces citizen happiness" id="^STARTING_NEG11" name="Localised gas outbreaks" procedural="false" starter="true"/>
  <perk beneficial="false" description="Increases maintenance costs" id="^STARTING_NEG12" name="Built on fault line" procedural="false" starter="true"/>
  <perk beneficial="false" description="Reduces citizen happiness" id="^STARTING_NEG13" name="Dancing is banned" procedural="false" starter="true"/>
  <perk beneficial="false" description="Decreases productivity" id="^STARTING_NEG14" name="Signal blackspot" procedural="false" starter="true"/>
  <perk beneficial="false" description="Occasional population loss" id="^STARTING_NEG15" name="Gravitational anomalies" procedural="false" starter="true"/>
  <perk beneficial="false" description="Occasional population loss" id="^STARTING_NEG16" name="Undrinkable water" procedural="false" starter="true"/>
  <perk beneficial="false" description="Decreases productivity" id="^STARTING_NEG17" name="Localised cognitohazards" procedural="false" starter="true"/>
  <perk beneficial="false" description="Reduces citizen happiness" id="^STARTING_NEG18" name="Choking air" procedural="false" starter="true"/>
  <perk beneficial="false" description="Occasional population loss" id="^STARTING_NEG19" name="Full of parasitic eggs" procedural="false" starter="true"/>
  <perk beneficial="false" description="Increases maintenance costs" id="^STARTING_NEG20" name="Built on sand" procedural="false" starter="true"/>
  <perk beneficial="false" description="Increases maintenance costs" id="^STARTING_NEG21" name="Frequent tremors" procedural="false" starter="true"/>
  <perk beneficial="false" description="Decreases productivity" id="^STARTING_NEG22" name="Lazy citizens" procedural="false" starter="true"/>
  <perk beneficial="false" description="Reduces citizen happiness" id="^STARTING_NEG23" name="Uncultured" procedural="false" starter="true"/>
  <perk beneficial="false" description="Occasional population loss" id="^STARTING_NEG24" name="Localised quicksand" procedural="false" starter="true"/>
  <perk beneficial="false" description="Reduces citizen happiness" id="^STARTING_NEG25" name="Network of thought police" procedural="false" starter="true"/>
  <perk beneficial="false" description="Decreases productivity" id="^STARTING_NEG26" name="Targeted by thieves" procedural="false" starter="true"/>
  <perk beneficial="false" description="Reduces citizen happiness" id="^STARTING_NEG27" name="Rude citizens" procedural="false" starter="true"/>
  <perk beneficial="false" description="Reduces citizen happiness" id="^STARTING_NEG28" name="Poorly decorated" procedural="false" starter="true"/>
  <perk beneficial="false" description="Increases maintenance costs" id="^STARTING_NEG29" name="Leaking pipes" procedural="false" starter="true"/>
  <perk beneficial="false" description="Reduces citizen happiness" id="^STARTING_NEG30" name="Many spiders" procedural="false" starter="true"/>
  <perk beneficial="false" description="Increases maintenance costs" id="^STARTING_NEG31" name="Intermittent lighting failures" procedural="false" starter="true"/>
  <perk beneficial="false" description="Reduces citizen happiness" id="^STARTING_NEG32" name="Unlucky" procedural="false" starter="true"/>
  <perk beneficial="false" description="Reduces citizen happiness" id="^STARTING_NEG33" name="Haunted" procedural="false" starter="true"/>
  <perk beneficial="false" description="Reduces citizen happiness" id="^STARTING_NEG34" name="No pets allowed" procedural="false" starter="true"/>
  <perk beneficial="false" description="Increases Sentinel attention" id="^STARTING_NEG35" name="Citizens are all clones" procedural="false" starter="true"/>
  <perk beneficial="true" description="Increases productivity" id="^STARTING_POS1" name="Electromagnetic hotspot" procedural="false" starter="true"/>
  <perk beneficial="true" description="Increases productivity" id="^STARTING_POS2" name="Algae farm supplies food" procedural="false" starter="true"/>
  <perk beneficial="true" description="Decreases maintenance costs" id="^STARTING_POS3" name="Automated climate shields" procedural="false" starter="true"/>
  <perk beneficial="true" description="Increases productivity" id="^STARTING_POS4" name="Plentiful nanobots" procedural="false" starter="true"/>
  <perk beneficial="true" description="Decreases maintenance costs" id="^STARTING_POS5" name="Anomaly scanner" procedural="false" starter="true"/>
  <perk beneficial="true" description="Increases productivity" id="^STARTING_POS6" name="Interstellar signal array" procedural="false" starter="true"/>
  <perk beneficial="true" description="Increases productivity" id="^STARTING_POS7" name="Cartography drones" procedural="false" starter="true"/>
  <perk beneficial="true" description="Decreases maintenance costs" id="^STARTING_POS8" name="Spacetime anomaly shielding" procedural="false" starter="true"/>
  <perk beneficial="true" description="Improves citizen happiness" id="^STARTING_POS9" name="Educated citizens" procedural="false" starter="true"/>
  <perk beneficial="true" description="Improves citizen happiness" id="^STARTING_POS10" name="Propaganda broadcast array" procedural="false" starter="true"/>
  <perk beneficial="true" description="Increases productivity" id="^STARTING_POS11" name="HypnoDrones" procedural="false" starter="true"/>
  <perk beneficial="true" description="Improves citizen happiness" id="^STARTING_POS12" name="Robot butlers" procedural="false" starter="true"/>
  <perk beneficial="true" description="Increases productivity" id="^STARTING_POS13" name="Bounty scanner" procedural="false" starter="true"/>
  <perk beneficial="true" description="Increases productivity" id="^STARTING_POS14" name="Salvage drones" procedural="false" starter="true"/>
  <perk beneficial="true" description="Improves citizen happiness" id="^STARTING_POS15" name="Well-groomed citizens" procedural="false" starter="true"/>
  <perk beneficial="true" description="Improves citizen happiness" id="^POSITIVE_EXTRA1" name="Colourful paintwork" procedural="false" starter="false"/>
  <perk beneficial="true" description="Improves citizen happiness" id="^POSITIVE_EXTRA2" name="Public artworks" procedural="false" starter="false"/>
  <perk beneficial="true" description="Decreases maintenance costs" id="^POSITIVE_EXTRA3" name="Bone recycling unit" procedural="false" starter="false"/>
  <perk beneficial="true" description="Improves citizen happiness" id="^POSITIVE_EXTRA4" name="Unionised workforce" procedural="false" starter="false"/>
  <perk beneficial="true" description="Increases productivity" id="^POSITIVE_EXTRA5" name="Generous overtime" procedural="false" starter="false"/>
  <perk beneficial="true" description="Increases productivity" id="^POSITIVE_EXTRA6" name="Factory has sleep pods" procedural="false" starter="false"/>
  <perk beneficial="true" description="Increases productivity" id="^POSITIVE_EXTRA7" name="Mandatory brain implants" procedural="false" starter="false"/>
  <perk beneficial="false" description="Reduces citizen happiness" id="^NEG_EXTRA1" name="Atmosphere of suspicion" procedural="false" starter="false"/>
  <perk beneficial="false" description="Reduces citizen happiness" id="^NEG_EXTRA2" name="Constant static noise" procedural="false" starter="false"/>
  <perk beneficial="false" description="Decreases productivity" id="^NEG_EXTRA3" name="Hostile spy suspected" procedural="false" starter="false"/>
  <perk beneficial="false" description="Increases maintenance costs" id="^NEG_EXTRA4" name="Intermittently hexed" procedural="false" starter="false"/>
  <perk beneficial="false" description="Reduces citizen happiness" id="^NEG_EXTRA5" name="Foreboding atmosphere" procedural="false" starter="false"/>
  <perk beneficial="false" description="Reduces citizen happiness" id="^NEG_EXTRA6" name="Sense of doom" procedural="false" starter="false"/>
  <perk beneficial="false" description="Increases maintenance costs" id="^NEG_EXTRA7" name="Air of decay" procedural="false" starter="false"/>
  <perk beneficial="false" description="Increases maintenance costs" id="^NEG_EXTRA8" name="Targeted by scammers" procedural="false" starter="false"/>
  <perk beneficial="false" description="Reduces citizen happiness" id="^NEG_EXTRA9" name="Citizens in a cult" procedural="false" starter="false"/>
  <perk beneficial="false" description="Increases maintenance costs" id="^NEG_EXTRA10" name="Malfunctioning electronics" procedural="false" starter="false"/>
  <perk beneficial="false" description="Occasional population loss" id="^NEG_EXTRA11" name="Infrequent doom mists" procedural="false" starter="false"/>
  <perk beneficial="false" description="Decreases productivity" id="^NEG_EXTRA12" name="General listlessness" procedural="false" starter="false"/>
  <perk beneficial="false" description="Reduces citizen happiness" id="^NEG_EXTRA13" name="General unease" procedural="false" starter="false"/>
  <perk beneficial="true" description="Improves citizen happiness" id="^BLESS_POS" name="Blessed by the %BLESSING%" procedural="true" starter="false"/>
  <perk beneficial="false" description="Reduces citizen happiness" id="^BLESS_NEG" name="Cursed by the %BLESSING%" procedural="true" starter="false"/>
  <perk beneficial="true" description="Increases productivity" id="^PROC_FACT" name="%OBJECT% %FACTORY%" procedural="true" starter="false"/>
  <perk beneficial="true" description="Decreases maintenance costs" id="^PROC_FARM" name="%FOOD% %FARM%" procedural="true" starter="false"/>
  <perk beneficial="true" description="Improves citizen happiness" id="^PROC_BAR" name="%BAR_ADJ% %BAR%" procedural="true" starter="false"/>
  <perk beneficial="true" description="Increases productivity" id="^PROC_SHOP" name="%SHOP_ADJ% %SHOP%" procedural="true" starter="false"/>
  <perk beneficial="true" description="Increases productivity" id="^PROC_FACI" name="%PROCESS% %FACILITY%" procedural="true" starter="false"/>
  <perk beneficial="true" description="%JOB_STAT%" id="^PROC_JOB" name="%JOBLEVEL%" procedural="true" starter="false"/>
  <perk beneficial="true" description="Decreases maintenance costs" id="^PROC_TECH" name="%TECH_ADJ% %TECH%" procedural="true" starter="false"/>
  <perk beneficial="true" description="Decreases maintenance costs" id="^PROC_COST" name="%COST_ADJ% %COST%" procedural="true" starter="false"/>
  <perk beneficial="true" description="Increases population" id="^PROC_POP" name="%POP_ADJ% %POP%" procedural="true" starter="false"/>
  <perk beneficial="true" description="Improves citizen happiness" id="^PROC_FUN" name="%FUN_ADJ% %FUN_FACILITY%" procedural="true" starter="false"/>
  <perk beneficial="true" description="Decreases Sentinel attention" id="^PROC_SENT" name="%SENT_ADJ% %SENT%" procedural="true" starter="false"/>
  <perk beneficial="true" description="Decreases Sentinel attention" id="^PROC_BUI" name="%GREEK%" procedural="true" starter="false"/>
  <perk beneficial="true" description="Improves citizen happiness" id="^POL_MOOD" name="%HAPPY_ADJ% %HAPPY_FACILITY%" procedural="true" starter="false"/>
  <perk beneficial="true" description="Decreases maintenance costs" id="^POL_COST" name="%COST_ADJ% %COST%" procedural="true" starter="false"/>
  <perk beneficial="true" description="Increases productivity" id="^POL_PROD" name="%PROD_ADJ% %PROD%" procedural="true" starter="false"/>
  <perk beneficial="true" description="Do not drink the water" id="^SENT_RELEASED" name="Creeping, Spreading Glass" procedural="false" starter="false"/>
  <perk beneficial="true" description="Cognitohazard containment facility" id="^SENT_QUAR" name="Quarantined explorers" procedural="false" starter="false"/>
  <perk beneficial="true" description="Prepared for anything" id="^OLD_SCHOOL" name="Pioneer Spirit" procedural="false" starter="false"/>
</settlements>
