{
	"Scale": 1.0,
	"CreatureID": "^",
	"Descriptors": [],
	"CreatureSeed": [
		false,
		"0x0"
	],
	"CreatureSecondarySeed": [
		false,
		"0x0"
	],
	"SpeciesSeed": 0,
	"GenusSeed": 0,
	"CustomSpeciesName": "^",
	"Predator": false,
	"UA": 0,
	"AllowUnmodifiedReroll": true,
	"ColourBaseSeed": [
		false,
		"0x0"
	],
	"BoneScaleSeed": [
		false,
		"0x0"
	],
	"HasFur": false,
	"Biome": {
		"Biome": "Lush"
	},
	"CreatureType": {
		"CreatureType": "None"
	},
	"BirthTime": 0,
	"LastEggTime": 0,
	"LastTrustIncreaseTime": 0,
	"LastTrustDecreaseTime": 0,
	"EggModified": false,
	"HasBeenSummoned": true,
	"CustomName": "",
	"Trust": 0.0,
	"SenderData": {
		"LID": "",
		"UID": "",
		"USN": "",
		"PTK": "",
		"TS": 0
	},
	"Traits": [
		0.0,
		0.0,
		0.0
	],
	"Moods": [
		0.0,
		0.0
	]
}