{
	"Layout": {
		"Slots": 10,
		"Seed": [
			true,
			"0x1"
		],
		"Level": 1
	},
	"Store": {
		"Slots": [],
		"ValidSlotIndices": [],
		"Class": {
			"InventoryClass": "C"
		},
		"StackSizeGroup": {
			"InventoryStackSizeGroup": "Default"
		},
		"BaseStatValues": [],
		"SpecialSlots": [],
		"Width": 0,
		"Height": 0,
		"IsCool": false,
		"Name": "",
		"Version": 0
	},
	"ScreenData": {
		"ScreenScale": 1.0,
		"ScreenOffset": [
			0.0,
			0.0,
			0.0
		],
		"ScreenRotation": [
			0.0,
			0.0,
			0.0,
			0.0
		]
	},
	"Seed": [
		false,
		"0x0"
	],
	"Name": "",
	"IsLarge": false,
	"PrimaryMode": 0,
	"SecondaryMode": 0,
	"UseLegacyColours": true,
	"Resource": {
		"Filename": "",
		"Seed": [
			false,
			"0x0"
		],
		"AltId": "",
		"ProceduralTexture": {
			"Samplers": []
		}
	}
}