{
	"Name": "",
	"Resource": {
		"Filename": "",
		"Seed": [
			false,
			"0x0"
		],
		"AltId": "",
		"ProceduralTexture": {
			"Samplers": []
		}
	},
	"Inventory": {
		"Slots": [],
		"ValidSlotIndices": [],
		"Class": {
			"InventoryClass": "C"
		},
		"StackSizeGroup": {
			"InventoryStackSizeGroup": "Ship"
		},
		"BaseStatValues": [],
		"SpecialSlots": [],
		"Width": 7,
		"Height": 5,
		"IsCool": false,
		"Name": "",
		"Version": 1
	},
	"Inventory_Cargo": {
		"Slots": [],
		"ValidSlotIndices": [],
		"Class": {
			"InventoryClass": "C"
		},
		"StackSizeGroup": {
			"InventoryStackSizeGroup": "ShipCargo"
		},
		"BaseStatValues": [],
		"SpecialSlots": [],
		"Width": 7,
		"Height": 5,
		"IsCool": false,
		"Name": "",
		"Version": 1
	},
	"Inventory_TechOnly": {
		"Slots": [],
		"ValidSlotIndices": [
			{
				"X": 0,
				"Y": 0
			},
			{
				"X": 1,
				"Y": 0
			},
			{
				"X": 2,
				"Y": 0
			},
			{
				"X": 3,
				"Y": 0
			},
			{
				"X": 4,
				"Y": 0
			},
			{
				"X": 5,
				"Y": 0
			},
			{
				"X": 6,
				"Y": 0
			},
			{
				"X": 7,
				"Y": 0
			},
			{
				"X": 8,
				"Y": 0
			},
			{
				"X": 9,
				"Y": 0
			},
			{
				"X": 0,
				"Y": 1
			},
			{
				"X": 1,
				"Y": 1
			},
			{
				"X": 2,
				"Y": 1
			},
			{
				"X": 3,
				"Y": 1
			}
		],
		"Class": {
			"InventoryClass": "C"
		},
		"StackSizeGroup": {
			"InventoryStackSizeGroup": "Default"
		},
		"BaseStatValues": [],
		"SpecialSlots": [],
		"Width": 10,
		"Height": 3,
		"IsCool": false,
		"Name": "",
		"Version": 1
	},
	"InventoryLayout": {
		"Slots": 10,
		"Seed": [
			true,
			"0x1"
		],
		"Level": 1
	},
	"Location": 0,
	"Position": [
		0.0,
		0.0,
		0.0,
		-1.0
	],
	"Direction": [
		0.0,
		0.0,
		0.0,
		-1.0
	]
}