<?xml version="1.0" encoding="UTF-8" standalone="no"?>
<frigates>
  <trait beneficial="true" id="^FUEL_PRI" name="Support Specialist" primary="SUPPORT" strength="-15" type="FUELCAPACITY"/>
  <trait beneficial="true" id="^FUEL_SEC_1" name="Large Tanks" secondary="SUPPORT" strength="-3" type="FUELCAPACITY"/>
  <trait beneficial="true" id="^FUEL_SEC_2" name="Oversized Fuel Scoop" secondary="SUPPORT" strength="-6" type="FUELCAPACITY"/>
  <trait beneficial="true" id="^FUEL_SEC_3" name="Generator Grid" secondary="SUPPORT" strength="-9" type="FUELCAPACITY"/>
  <trait beneficial="true" id="^FUEL_SEC_4" name="Antimatter Cycler" secondary="SUPPORT" strength="-3" type="FUELCAPACITY"/>
  <trait beneficial="true" id="^FUEL_SEC_5" name="Advanced Power Distributor" secondary="SUPPORT" strength="-6" type="FUELCAPACITY"/>
  <trait beneficial="true" id="^FUEL_SEC_6" name="Portable Fusion Ignitor" secondary="SUPPORT" strength="-9" type="FUELCAPACITY"/>
  <trait beneficial="true" id="^FUEL_TER_1" name="Oxygen Recycler" secondary="COMBAT,EXPLORATION,MINING,DIPLOMACY,PIRATE" strength="-2" type="FUELCAPACITY"/>
  <trait beneficial="true" id="^FUEL_TER_2" name="Tuned Engines" secondary="COMBAT,EXPLORATION,MINING,DIPLOMACY,PIRATE" strength="-4" type="FUELCAPACITY"/>
  <trait beneficial="true" id="^FUEL_TER_3" name="Robot Crew" secondary="COMBAT,EXPLORATION,MINING,DIPLOMACY,PIRATE" strength="-6" type="FUELCAPACITY"/>
  <trait beneficial="true" id="^FUEL_TER_4" name="Photon Sails" secondary="COMBAT,EXPLORATION,MINING,DIPLOMACY,PIRATE" strength="-2" type="FUELCAPACITY"/>
  <trait beneficial="true" id="^FUEL_TER_5" name="Overclocked Power Distributor" secondary="COMBAT,EXPLORATION,MINING,DIPLOMACY,PIRATE" strength="-4" type="FUELCAPACITY"/>
  <trait beneficial="true" id="^FUEL_TER_6" name="Solar Panels" secondary="COMBAT,EXPLORATION,MINING,DIPLOMACY,PIRATE" strength="-6" type="FUELCAPACITY"/>
  <trait beneficial="true" id="^FUEL_TER_7" name="Efficient Warp Drive" secondary="COMBAT,EXPLORATION,MINING,DIPLOMACY,PIRATE" strength="-4" type="FUELCAPACITY"/>
  <trait beneficial="false" id="^FUEL_BAD_1" name="Thirsty Crew" secondary="COMBAT,EXPLORATION,MINING,DIPLOMACY" strength="+1" type="FUELBURNRATE"/>
  <trait beneficial="false" id="^FUEL_BAD_2" name="Inefficient Engine" secondary="COMBAT,EXPLORATION,MINING,DIPLOMACY" strength="+2" type="FUELBURNRATE"/>
  <trait beneficial="false" id="^FUEL_BAD_3" name="Leaky Fuel Tubes" secondary="COMBAT,EXPLORATION,MINING,DIPLOMACY" strength="+4" type="FUELBURNRATE"/>
  <trait beneficial="false" id="^FUEL_BAD_4" name="Poorly-Aligned Ballast" secondary="COMBAT,EXPLORATION,MINING,DIPLOMACY" strength="+2" type="FUELBURNRATE"/>
  <trait beneficial="false" id="^FUEL_BAD_5" name="Oil Burner" secondary="COMBAT,EXPLORATION,MINING,DIPLOMACY" strength="+1" type="FUELBURNRATE"/>
  <trait beneficial="true" id="^COMBAT_PRI" name="Combat Specialist" primary="COMBAT" strength="+15" type="COMBAT"/>
  <trait beneficial="true" id="^PIRATE_PRI" name="Raiding Specialist" primary="PIRATE" strength="+15" type="COMBAT"/>
  <trait beneficial="true" id="^COMBAT_SEC_1" name="Massive Guns" secondary="COMBAT,PIRATE" strength="+2" type="COMBAT"/>
  <trait beneficial="true" id="^COMBAT_SEC_2" name="Ablative Armour" secondary="COMBAT,PIRATE" strength="+4" type="COMBAT"/>
  <trait beneficial="true" id="^COMBAT_SEC_3" name="Cloaking Device" secondary="COMBAT,PIRATE" strength="+6" type="COMBAT"/>
  <trait beneficial="true" id="^COMBAT_SEC_4" name="Ultrasonic Weapons" secondary="COMBAT,PIRATE" strength="+2" type="COMBAT"/>
  <trait beneficial="true" id="^COMBAT_SEC_5" name="Experimental Weaponry" secondary="COMBAT,PIRATE" strength="+4" type="COMBAT"/>
  <trait beneficial="true" id="^COMBAT_SEC_6" name="Tremendous Cannons" secondary="COMBAT,PIRATE" strength="+6" type="COMBAT"/>
  <trait beneficial="true" id="^COMBAT_TER_1" name="Hidden Weaponry" secondary="EXPLORATION,MINING,DIPLOMACY,SUPPORT" strength="+1" type="COMBAT"/>
  <trait beneficial="true" id="^COMBAT_TER_2" name="Ammo Fabricators" secondary="EXPLORATION,MINING,DIPLOMACY,SUPPORT" strength="+2" type="COMBAT"/>
  <trait beneficial="true" id="^COMBAT_TER_3" name="Reinforced Hull" secondary="EXPLORATION,MINING,DIPLOMACY,SUPPORT" strength="+3" type="COMBAT"/>
  <trait beneficial="true" id="^COMBAT_TER_4" name="Aggressive Probes" secondary="EXPLORATION,MINING,DIPLOMACY,SUPPORT" strength="+1" type="COMBAT"/>
  <trait beneficial="true" id="^COMBAT_TER_5" name="Angry Captain" secondary="EXPLORATION,MINING,DIPLOMACY,SUPPORT" strength="+2" type="COMBAT"/>
  <trait beneficial="true" id="^COMBAT_TER_6" name="Retrofitted Turrets" secondary="EXPLORATION,MINING,DIPLOMACY,SUPPORT" strength="+3" type="COMBAT"/>
  <trait beneficial="false" id="^COMBAT_BAD_1" name="Cowardly Gunners" secondary="EXPLORATION,MINING,DIPLOMACY,SUPPORT" strength="-2" type="COMBAT"/>
  <trait beneficial="false" id="^COMBAT_BAD_2" name="Second-Hand Rockets" secondary="EXPLORATION,MINING,DIPLOMACY,SUPPORT" strength="-4" type="COMBAT"/>
  <trait beneficial="false" id="^COMBAT_BAD_3" name="Faulty Torpedoes" secondary="EXPLORATION,MINING,DIPLOMACY,SUPPORT" strength="-6" type="COMBAT"/>
  <trait beneficial="false" id="^COMBAT_BAD_4" name="Fragile Hull" secondary="EXPLORATION,MINING,DIPLOMACY,SUPPORT" strength="-2" type="COMBAT"/>
  <trait beneficial="false" id="^COMBAT_BAD_5" name="Low-Energy Shields" secondary="EXPLORATION,MINING,DIPLOMACY,SUPPORT" strength="-4" type="COMBAT"/>
  <trait beneficial="true" id="^MINING_PRI" name="Industrial Specialist" primary="MINING" strength="+15" type="MINING"/>
  <trait beneficial="true" id="^MINING_SEC_1" name="Laser Drill Array" secondary="MINING" strength="+2" type="MINING"/>
  <trait beneficial="true" id="^MINING_SEC_2" name="Tractor Beam" secondary="MINING" strength="+4" type="MINING"/>
  <trait beneficial="true" id="^MINING_SEC_3" name="Ultrasonic Welders" secondary="MINING" strength="+6" type="MINING"/>
  <trait beneficial="true" id="^MINING_SEC_4" name="Ore Processing Unit" secondary="MINING" strength="+2" type="MINING"/>
  <trait beneficial="true" id="^MINING_SEC_5" name="Terraforming Beams" secondary="MINING" strength="+4" type="MINING"/>
  <trait beneficial="true" id="^MINING_SEC_6" name="Asteroid Vaporizer" secondary="MINING" strength="+6" type="MINING"/>
  <trait beneficial="true" id="^MINING_TER_1" name="Mineral Extractors" secondary="COMBAT,EXPLORATION,DIPLOMACY,SUPPORT,PIRATE" strength="+1" type="MINING"/>
  <trait beneficial="true" id="^MINING_TER_2" name="Extendable Drills" secondary="COMBAT,EXPLORATION,DIPLOMACY,SUPPORT,PIRATE" strength="+2" type="MINING"/>
  <trait beneficial="true" id="^MINING_TER_3" name="Asteroid Scanner" secondary="COMBAT,EXPLORATION,DIPLOMACY,SUPPORT,PIRATE" strength="+3" type="MINING"/>
  <trait beneficial="true" id="^MINING_TER_4" name="Harvester Drones" secondary="COMBAT,EXPLORATION,DIPLOMACY,SUPPORT,PIRATE" strength="+1" type="MINING"/>
  <trait beneficial="true" id="^MINING_TER_5" name="Metal Detector" secondary="COMBAT,EXPLORATION,DIPLOMACY,SUPPORT,PIRATE" strength="+2" type="MINING"/>
  <trait beneficial="true" id="^MINING_TER_6" name="Remote Mining Unit" secondary="COMBAT,EXPLORATION,DIPLOMACY,SUPPORT,PIRATE" strength="+3" type="MINING"/>
  <trait beneficial="false" id="^MINING_BAD_1" name="Lazy Crew" secondary="COMBAT,EXPLORATION,DIPLOMACY,SUPPORT,PIRATE" strength="-2" type="MINING"/>
  <trait beneficial="false" id="^MINING_BAD_2" name="Small Hoppers" secondary="COMBAT,EXPLORATION,DIPLOMACY,SUPPORT,PIRATE" strength="-4" type="MINING"/>
  <trait beneficial="false" id="^MINING_BAD_3" name="Clumsy Drill Operator" secondary="COMBAT,EXPLORATION,DIPLOMACY,SUPPORT,PIRATE" strength="-6" type="MINING"/>
  <trait beneficial="false" id="^MINING_BAD_4" name="Underpowered Lasers" secondary="COMBAT,EXPLORATION,DIPLOMACY,SUPPORT,PIRATE" strength="-4" type="MINING"/>
  <trait beneficial="false" id="^MINING_BAD_5" name="Malfunctioning Drones" secondary="COMBAT,EXPLORATION,DIPLOMACY,SUPPORT,PIRATE" strength="-2" type="MINING"/>
  <trait beneficial="true" id="^TRADING_PRI" name="Trade Specialist" primary="DIPLOMACY" strength="+15" type="DIPLOMATIC"/>
  <trait beneficial="true" id="^TRADING_SEC_1" name="Trade Analysis Computer" secondary="DIPLOMACY" strength="+2" type="DIPLOMATIC"/>
  <trait beneficial="true" id="^TRADING_SEC_2" name="Automatic Investment Engine" secondary="DIPLOMACY" strength="+4" type="DIPLOMATIC"/>
  <trait beneficial="true" id="^TRADING_SEC_3" name="Mind Control Device" secondary="DIPLOMACY" strength="+6" type="DIPLOMATIC"/>
  <trait beneficial="true" id="^TRADING_SEC_4" name="HypnoDrones" secondary="DIPLOMACY" strength="+2" type="DIPLOMATIC"/>
  <trait beneficial="true" id="^TRADING_SEC_5" name="Propaganda Device" secondary="DIPLOMACY" strength="+4" type="DIPLOMATIC"/>
  <trait beneficial="true" id="^TRADING_SEC_6" name="Teleportation Device" secondary="DIPLOMACY" strength="+6" type="DIPLOMATIC"/>
  <trait beneficial="true" id="^TRADING_TER_1" name="Economy Scanner" secondary="COMBAT,EXPLORATION,MINING,SUPPORT,PIRATE" strength="+1" type="DIPLOMATIC"/>
  <trait beneficial="true" id="^TRADING_TER_2" name="Remote Market Analyser" secondary="COMBAT,EXPLORATION,MINING,SUPPORT,PIRATE" strength="+2" type="DIPLOMATIC"/>
  <trait beneficial="true" id="^TRADING_TER_3" name="Robot Butlers" secondary="COMBAT,EXPLORATION,MINING,SUPPORT,PIRATE" strength="+3" type="DIPLOMATIC"/>
  <trait beneficial="true" id="^TRADING_TER_4" name="AutoTranslator" secondary="COMBAT,EXPLORATION,MINING,SUPPORT,PIRATE" strength="+1" type="DIPLOMATIC"/>
  <trait beneficial="true" id="^TRADING_TER_5" name="Negotiation Module" secondary="COMBAT,EXPLORATION,MINING,SUPPORT,PIRATE" strength="+2" type="DIPLOMATIC"/>
  <trait beneficial="true" id="^TRADING_TER_6" name="Well-Groomed Crew" secondary="COMBAT,EXPLORATION,MINING,SUPPORT,PIRATE" strength="+3" type="DIPLOMATIC"/>
  <trait beneficial="false" id="^TRADING_BAD_1" name="Rude Captain" secondary="COMBAT,EXPLORATION,MINING,SUPPORT,PIRATE" strength="-2" type="DIPLOMATIC"/>
  <trait beneficial="false" id="^TRADING_BAD_2" name="Small Hold" secondary="COMBAT,EXPLORATION,MINING,SUPPORT,PIRATE" strength="-4" type="DIPLOMATIC"/>
  <trait beneficial="false" id="^TRADING_BAD_3" name="Roach Infestation" secondary="COMBAT,EXPLORATION,MINING,SUPPORT,PIRATE" strength="-6" type="DIPLOMATIC"/>
  <trait beneficial="false" id="^TRADING_BAD_4" name="Thief On Board" secondary="COMBAT,EXPLORATION,MINING,SUPPORT,PIRATE" strength="-4" type="DIPLOMATIC"/>
  <trait beneficial="false" id="^TRADING_BAD_5" name="Badly Painted" secondary="COMBAT,EXPLORATION,MINING,SUPPORT,PIRATE" strength="-2" type="DIPLOMATIC"/>
  <trait beneficial="true" id="^EXPLORE_PRI" name="Exploration Specialist" primary="EXPLORATION" secondary="EXPLORATION" strength="+15" type="EXPLORATION"/>
  <trait beneficial="true" id="^EXPLORE_SEC_1" name="Anomaly Scanner" secondary="EXPLORATION" strength="+2" type="EXPLORATION"/>
  <trait beneficial="true" id="^EXPLORE_SEC_2" name="Interstellar Signal Array" secondary="EXPLORATION" strength="+4" type="EXPLORATION"/>
  <trait beneficial="true" id="^EXPLORE_SEC_3" name="Cartography Drones" secondary="EXPLORATION" strength="+6" type="EXPLORATION"/>
  <trait beneficial="true" id="^EXPLORE_SEC_4" name="Realtime Archival Device" secondary="EXPLORATION" strength="+2" type="EXPLORATION"/>
  <trait beneficial="true" id="^EXPLORE_SEC_5" name="Gravitational Visualiser" secondary="EXPLORATION" strength="+4" type="EXPLORATION"/>
  <trait beneficial="true" id="^EXPLORE_SEC_6" name="Spacetime Anomaly Shielding" secondary="EXPLORATION" strength="+6" type="EXPLORATION"/>
  <trait beneficial="true" id="^EXPLORE_TER_1" name="Planetary Data Scoop" secondary="COMBAT,MINING,DIPLOMACY,SUPPORT,PIRATE" strength="+1" type="EXPLORATION"/>
  <trait beneficial="true" id="^EXPLORE_TER_2" name="Stowaway Botanist" secondary="COMBAT,MINING,DIPLOMACY,SUPPORT,PIRATE" strength="+2" type="EXPLORATION"/>
  <trait beneficial="true" id="^EXPLORE_TER_3" name="Radio Telescopes" secondary="COMBAT,MINING,DIPLOMACY,SUPPORT,PIRATE" strength="+3" type="EXPLORATION"/>
  <trait beneficial="true" id="^EXPLORE_TER_4" name="Fauna Analysis Device" secondary="COMBAT,MINING,DIPLOMACY,SUPPORT,PIRATE" strength="+1" type="EXPLORATION"/>
  <trait beneficial="true" id="^EXPLORE_TER_5" name="Holographic Displays" secondary="COMBAT,MINING,DIPLOMACY,SUPPORT,PIRATE" strength="+2" type="EXPLORATION"/>
  <trait beneficial="true" id="^EXPLORE_TER_6" name="Long-Distance Sensors" secondary="COMBAT,MINING,DIPLOMACY,SUPPORT,PIRATE" strength="+3" type="EXPLORATION"/>
  <trait beneficial="false" id="^EXPLORE_BAD_1" name="Wandering Compass" secondary="COMBAT,MINING,DIPLOMACY,SUPPORT,PIRATE" strength="-2" type="EXPLORATION"/>
  <trait beneficial="false" id="^EXPLORE_BAD_2" name="Outdated Maps" secondary="COMBAT,MINING,DIPLOMACY,SUPPORT,PIRATE" strength="-4" type="EXPLORATION"/>
  <trait beneficial="false" id="^EXPLORE_BAD_3" name="Uncalibrated Warp Drive" secondary="COMBAT,MINING,DIPLOMACY,SUPPORT,PIRATE" strength="-6" type="EXPLORATION"/>
  <trait beneficial="false" id="^EXPLORE_BAD_4" name="Misaligned Sensors" secondary="COMBAT,MINING,DIPLOMACY,SUPPORT,PIRATE" strength="-4" type="EXPLORATION"/>
  <trait beneficial="false" id="^EXPLORE_BAD_5" name="Haunted Radar" secondary="COMBAT,MINING,DIPLOMACY,SUPPORT,PIRATE" strength="-2" type="EXPLORATION"/>
  <trait beneficial="true" id="^SPEED_TER_1" name="Local Time Dilator" secondary="COMBAT,EXPLORATION,MINING,DIPLOMACY,SUPPORT,PIRATE" strength="-1" type="SPEED"/>
  <trait beneficial="true" id="^SPEED_TER_2" name="Mass Driver" secondary="COMBAT,EXPLORATION,MINING,DIPLOMACY,SUPPORT,PIRATE" strength="-1" type="SPEED"/>
  <trait beneficial="true" id="^SPEED_TER_3" name="Expert Navigator" secondary="COMBAT,EXPLORATION,MINING,DIPLOMACY,SUPPORT,PIRATE" strength="-2" type="SPEED"/>
  <trait beneficial="true" id="^SPEED_TER_4" name="Alcubierre Drive" secondary="COMBAT,EXPLORATION,MINING,DIPLOMACY,SUPPORT,PIRATE" strength="-2" type="SPEED"/>
  <trait beneficial="true" id="^SPEED_TER_5" name="Wormhole Generator" secondary="COMBAT,EXPLORATION,MINING,DIPLOMACY,SUPPORT,PIRATE" strength="-3" type="SPEED"/>
  <trait beneficial="true" id="^SPEED_TER_6" name="Experimental Impulse Drive" secondary="COMBAT,EXPLORATION,MINING,DIPLOMACY,SUPPORT,PIRATE" strength="-3" type="SPEED"/>
  <trait beneficial="true" id="^SPEED_TER_7" name="Motivated Crew" secondary="COMBAT,EXPLORATION,MINING,DIPLOMACY,SUPPORT,PIRATE" strength="-2" type="SPEED"/>
  <trait beneficial="true" id="^SPEED_TER_8" name="Dynamic Ballast" secondary="COMBAT,EXPLORATION,MINING,DIPLOMACY,SUPPORT,PIRATE" strength="-2" type="SPEED"/>
  <trait beneficial="true" id="^INVULN_TER_1" name="Self-Repairing Hull" secondary="COMBAT,EXPLORATION,MINING,DIPLOMACY,SUPPORT" strength="+1" type="INVULNERABLE"/>
  <trait beneficial="true" id="^INVULN_TER_2" name="Advanced Maintenance Drones" secondary="COMBAT,EXPLORATION,MINING,DIPLOMACY,SUPPORT" strength="+1" type="INVULNERABLE"/>
  <trait beneficial="true" id="^INVULN_TER_3" name="Holographic Components" secondary="COMBAT,EXPLORATION,MINING,DIPLOMACY,SUPPORT" strength="+1" type="INVULNERABLE"/>
  <trait beneficial="true" id="^NORMANDY_1" name="Deep Scout Prototype" primary="NORMANDY" secondary="NORMANDY" strength="+15" type="COMBAT"/>
  <trait beneficial="true" id="^NORMANDY_2" name="Tantalus Drive" primary="NORMANDY" secondary="NORMANDY" strength="+15" type="EXPLORATION"/>
  <trait beneficial="true" id="^NORMANDY_3" name="Mass Accelerator Cannon" secondary="NORMANDY" strength="+6" type="COMBAT"/>
  <trait beneficial="true" id="^NORMANDY_4" name="Internal Emission Sink" secondary="NORMANDY" strength="+1" type="STEALTH"/>
  <trait beneficial="true" id="^NORMANDY_5" name="Long-Range FTL Capacity" secondary="NORMANDY" strength="-3" type="SPEED"/>
  <trait beneficial="true" id="^GHOSTSHIP_1" name="Cursed to Roam" primary="GHOSTSHIP" secondary="GHOSTSHIP" strength="+15" type="EXPLORATION"/>
  <trait beneficial="true" id="^GHOSTSHIP_2" name="Phantasmic Cannons" primary="GHOSTSHIP" secondary="GHOSTSHIP" strength="+15" type="COMBAT"/>
  <trait beneficial="true" id="^GHOSTSHIP_3" name="Powered by souls" secondary="GHOSTSHIP" strength="-9" type="FUELCAPACITY"/>
  <trait beneficial="true" id="^GHOSTSHIP_4" name="Undying" secondary="GHOSTSHIP" strength="+1" type="INVULNERABLE"/>
  <trait beneficial="true" id="^GHOSTSHIP_5" name="Driven by the bells" secondary="GHOSTSHIP" strength="-3" type="SPEED"/>
  <trait beneficial="true" id="^DEEPSPACE_1" name="Transcendent Vision" primary="DEEPSPACE" secondary="DEEPSPACE" strength="+15" type="EXPLORATION"/>
  <trait beneficial="true" id="^DEEPSPACE_2" name="Siren Song" primary="DEEPSPACE" secondary="DEEPSPACE" strength="+15" type="DIPLOMATIC"/>
  <trait beneficial="true" id="^DEEPSPACE_3" name="Hungering Beak" secondary="DEEPSPACE" strength="+6" type="COMBAT"/>
  <trait beneficial="true" id="^DEEPSPACE_4" name="Time Loop" secondary="DEEPSPACE" strength="+1" type="INVULNERABLE"/>
  <trait beneficial="true" id="^DEEPSPACE_5" name="Nourishing Oils" secondary="DEEPSPACE" strength="-9" type="FUELCAPACITY"/>
  <trait beneficial="true" id="^LIVING_COM_PRI" name="Bitter Memories" primary="DEEPSPACECOMMON" strength="+15" type="COMBAT"/>
  <trait beneficial="true" id="^LIVING_COM_S_1" name="Muscular Tentacles" secondary="DEEPSPACECOMMON" strength="+6" type="COMBAT"/>
  <trait beneficial="true" id="^LIVING_COM_S_2" name="Superluminal Strike" secondary="DEEPSPACECOMMON" strength="+6" type="COMBAT"/>
  <trait beneficial="true" id="^LIVING_COM_S_3" name="Intimidating Visage" secondary="DEEPSPACECOMMON" strength="+4" type="COMBAT"/>
  <trait beneficial="true" id="^LIVING_COM_S_4" name="Unsettling Visions" secondary="DEEPSPACECOMMON" strength="+4" type="COMBAT"/>
  <trait beneficial="true" id="^LIVING_COM_S_5" name="Flight Pattern Analysis" secondary="DEEPSPACECOMMON" strength="+2" type="COMBAT"/>
  <trait beneficial="true" id="^LIVING_COM_S_6" name="Hardened Flesh" secondary="DEEPSPACECOMMON" strength="+2" type="COMBAT"/>
  <trait beneficial="true" id="^LIVING_COM_T_1" name="Disorienting Wail" secondary="DEEPSPACECOMMON" strength="+3" type="COMBAT"/>
  <trait beneficial="true" id="^LIVING_COM_T_2" name="Blinding Miasma" secondary="DEEPSPACECOMMON" strength="+2" type="COMBAT"/>
  <trait beneficial="true" id="^LIVING_COM_T_3" name="Unforgiving" secondary="DEEPSPACECOMMON" strength="+1" type="COMBAT"/>
  <trait beneficial="true" id="^LIVING_EXP_PRI" name="Echolocation" primary="DEEPSPACECOMMON" strength="+15" type="EXPLORATION"/>
  <trait beneficial="true" id="^LIVING_EXP_S_1" name="Ancient Knowledge" secondary="DEEPSPACECOMMON" strength="+6" type="EXPLORATION"/>
  <trait beneficial="true" id="^LIVING_EXP_S_2" name="Retrocognition" secondary="DEEPSPACECOMMON" strength="+6" type="EXPLORATION"/>
  <trait beneficial="true" id="^LIVING_EXP_S_3" name="Fauna Empathy" secondary="DEEPSPACECOMMON" strength="+4" type="EXPLORATION"/>
  <trait beneficial="true" id="^LIVING_EXP_S_4" name="Galactic Wisdom" secondary="DEEPSPACECOMMON" strength="+4" type="EXPLORATION"/>
  <trait beneficial="true" id="^LIVING_EXP_S_5" name="Migratory Insight" secondary="DEEPSPACECOMMON" strength="+2" type="EXPLORATION"/>
  <trait beneficial="true" id="^LIVING_EXP_S_6" name="Star Memorisation" secondary="DEEPSPACECOMMON" strength="+2" type="EXPLORATION"/>
  <trait beneficial="true" id="^LIVING_EXP_T_1" name="Deep Space Native" secondary="DEEPSPACECOMMON" strength="+3" type="EXPLORATION"/>
  <trait beneficial="true" id="^LIVING_EXP_T_2" name="Remote Pod Uplink" secondary="DEEPSPACECOMMON" strength="+2" type="COMBAT"/>
  <trait beneficial="true" id="^LIVING_EXP_T_3" name="Trans-Reality Recollection" secondary="DEEPSPACECOMMON" strength="+1" type="EXPLORATION"/>
  <trait beneficial="true" id="^LIVING_MIN_PRI" name="Seismic Song" primary="DEEPSPACECOMMON" strength="+15" type="MINING"/>
  <trait beneficial="true" id="^LIVING_MIN_S_1" name="Baleen Plates" secondary="DEEPSPACECOMMON" strength="+6" type="MINING"/>
  <trait beneficial="true" id="^LIVING_MIN_S_2" name="Asteroid Digestion" secondary="DEEPSPACECOMMON" strength="+6" type="MINING"/>
  <trait beneficial="true" id="^LIVING_MIN_S_3" name="Leaching Bile" secondary="DEEPSPACECOMMON" strength="+4" type="MINING"/>
  <trait beneficial="true" id="^LIVING_MIN_S_4" name="Metallurgic Microbes" secondary="DEEPSPACECOMMON" strength="+4" type="MINING"/>
  <trait beneficial="true" id="^LIVING_MIN_S_5" name="Stardust Expertise" secondary="DEEPSPACECOMMON" strength="+2" type="MINING"/>
  <trait beneficial="true" id="^LIVING_MIN_S_6" name="Sonic Comminution" secondary="DEEPSPACECOMMON" strength="+2" type="MINING"/>
  <trait beneficial="true" id="^LIVING_MIN_T_1" name="Probing Tendrils" secondary="DEEPSPACECOMMON" strength="+3" type="MINING"/>
  <trait beneficial="true" id="^LIVING_MIN_T_2" name="Superheated Stomach" secondary="DEEPSPACECOMMON" strength="+2" type="MINING"/>
  <trait beneficial="true" id="^LIVING_MIN_T_3" name="Nebula Painter" secondary="DEEPSPACECOMMON" strength="+1" type="MINING"/>
  <trait beneficial="true" id="^LIVING_TRA_PRI" name="Mesmerising Voice" primary="DEEPSPACECOMMON" strength="+15" type="DIPLOMATIC"/>
  <trait beneficial="true" id="^LIVING_TRA_S_1" name="Counterfeit Detection" secondary="DEEPSPACECOMMON" strength="+6" type="DIPLOMATIC"/>
  <trait beneficial="true" id="^LIVING_TRA_S_2" name="Market Foresight" secondary="DEEPSPACECOMMON" strength="+6" type="DIPLOMATIC"/>
  <trait beneficial="true" id="^LIVING_TRA_S_3" name="Dream Manipulation" secondary="DEEPSPACECOMMON" strength="+4" type="DIPLOMATIC"/>
  <trait beneficial="true" id="^LIVING_TRA_S_4" name="Hypnotic Melody" secondary="DEEPSPACECOMMON" strength="+4" type="DIPLOMATIC"/>
  <trait beneficial="true" id="^LIVING_TRA_S_5" name="Mind Weaver" secondary="DEEPSPACECOMMON" strength="+2" type="DIPLOMATIC"/>
  <trait beneficial="true" id="^LIVING_TRA_S_6" name="Overwhelming Presence" secondary="DEEPSPACECOMMON" strength="+2" type="DIPLOMATIC"/>
  <trait beneficial="true" id="^LIVING_TRA_T_1" name="Legendary Reputation" secondary="DEEPSPACECOMMON" strength="+3" type="DIPLOMATIC"/>
  <trait beneficial="true" id="^LIVING_TRA_T_2" name="Peaceful Negotiator" secondary="DEEPSPACECOMMON" strength="+2" type="DIPLOMATIC"/>
  <trait beneficial="true" id="^LIVING_TRA_T_3" name="Persuasive Verse" secondary="DEEPSPACECOMMON" strength="+1" type="DIPLOMATIC"/>
  <trait beneficial="true" id="^LIVING_FUEL_PRI" name="Slow Metabolism" primary="DEEPSPACECOMMON" strength="-15" type="FUELCAPACITY"/>
  <trait beneficial="true" id="^LIVING_FUEL_S_1" name="Reality Skimming" secondary="DEEPSPACECOMMON" strength="-9" type="FUELCAPACITY"/>
  <trait beneficial="true" id="^LIVING_FUEL_S_2" name="Gliding Movement" secondary="DEEPSPACECOMMON" strength="-9" type="FUELCAPACITY"/>
  <trait beneficial="true" id="^LIVING_FUEL_S_3" name="Effortless Propulsion" secondary="DEEPSPACECOMMON" strength="+4" type="COMBAT"/>
  <trait beneficial="true" id="^LIVING_FUEL_S_4" name="Efficient Forager" secondary="DEEPSPACECOMMON" strength="-6" type="FUELCAPACITY"/>
  <trait beneficial="true" id="^LIVING_FUEL_S_5" name="Stellar Wind Drifter" secondary="DEEPSPACECOMMON" strength="-3" type="FUELCAPACITY"/>
  <trait beneficial="true" id="^LIVING_FUEL_S_6" name="Blubber Reserves" secondary="DEEPSPACECOMMON" strength="-3" type="FUELCAPACITY"/>
  <trait beneficial="true" id="^LIVING_FUEL_T_1" name="Stoic Endurance" secondary="DEEPSPACECOMMON" strength="-6" type="FUELCAPACITY"/>
  <trait beneficial="true" id="^LIVING_FUEL_T_2" name="Fleet Mascot" secondary="DEEPSPACECOMMON" strength="+2" type="COMBAT"/>
  <trait beneficial="true" id="^LIVING_FUEL_T_3" name="Long-Distance Nomad" secondary="DEEPSPACECOMMON" strength="-2" type="FUELCAPACITY"/>
  <trait beneficial="true" id="^LIVING_SPE_PRI" name="Wormhole Navigation" primary="DEEPSPACECOMMON" strength="-10" type="SPEED"/>
  <trait beneficial="true" id="^LIVING_SPE_S_1" name="Homing Instincts" secondary="DEEPSPACECOMMON" strength="-3" type="SPEED"/>
  <trait beneficial="true" id="^LIVING_SPE_S_2" name="Black Hole Diver" secondary="DEEPSPACECOMMON" strength="-3" type="SPEED"/>
  <trait beneficial="true" id="^LIVING_SPE_S_3" name="Cosmic Swimmer" secondary="DEEPSPACECOMMON" strength="-2" type="SPEED"/>
  <trait beneficial="true" id="^LIVING_SPE_S_4" name="Streamlined Form" secondary="DEEPSPACECOMMON" strength="-2" type="SPEED"/>
  <trait beneficial="true" id="^LIVING_SPE_S_5" name="Colossal Fins" secondary="DEEPSPACECOMMON" strength="-1" type="SPEED"/>
  <trait beneficial="true" id="^LIVING_SPE_S_6" name="Slick Flesh" secondary="DEEPSPACECOMMON" strength="-1" type="SPEED"/>
  <trait beneficial="true" id="^LIVING_SPE_T_1" name="Cosmic Slipstream" secondary="DEEPSPACECOMMON" strength="-3" type="SPEED"/>
  <trait beneficial="true" id="^LIVING_SPE_T_2" name="Graceful Agility" secondary="DEEPSPACECOMMON" strength="-2" type="SPEED"/>
  <trait beneficial="true" id="^LIVING_SPE_T_3" name="Route Optimisation" secondary="DEEPSPACECOMMON" strength="-1" type="SPEED"/>
</frigates>
